timestamp,blocknumber,date
1754481600,5205840,06/08/2025
1754568000,5208720,07/08/2025
1754654400,5211600,08/08/2025
1754740800,5214480,09/08/2025
1754827200,5217360,10/08/2025
1754913600,5220240,11/08/2025
1755000000,5223120,12/08/2025
1755086400,5226000,13/08/2025
1755172800,5228880,14/08/2025
1755259200,5231760,15/08/2025
1755345600,5234640,16/08/2025
1755432000,5237520,17/08/2025
1755518400,5240400,18/08/2025
1755604800,5243280,19/08/2025
1755691200,5246160,20/08/2025
1755777600,5249040,21/08/2025
1755864000,5251920,22/08/2025
1755950400,5254800,23/08/2025
1756036800,5257680,24/08/2025
1756123200,5260560,25/08/2025
1756209600,5263440,26/08/2025
1756296000,5266320,27/08/2025
1756382400,5269200,28/08/2025
1756468800,5272080,29/08/2025
1756555200,5274960,30/08/2025
1756641600,5277840,31/08/2025
1756728000,5280720,01/09/2025
1756814400,5283600,02/09/2025
1756900800,5286480,03/09/2025
1756987200,5289360,04/09/2025
1757073600,5292240,05/09/2025
1757160000,5295120,06/09/2025
1757246400,5298000,07/09/2025
1757332800,5300880,08/09/2025
1757419200,5303760,09/09/2025
1757505600,5306640,10/09/2025
1757592000,5309520,11/09/2025
1757678400,5312400,12/09/2025
1757764800,5315280,13/09/2025
1757851200,5318160,14/09/2025
1757937600,5321040,15/09/2025
1758024000,5323920,16/09/2025
1758110400,5326800,17/09/2025
1758196800,5329680,18/09/2025
1758283200,5332560,19/09/2025
1758369600,5335440,20/09/2025
1758456000,5338320,21/09/2025
1758542400,5341200,22/09/2025
1758628800,5344080,23/09/2025
1758715200,5346960,24/09/2025
1758801600,5349840,25/09/2025
1758888000,5352720,26/09/2025
1758974400,5355599,27/09/2025
1759060800,5358480,28/09/2025
1759147200,5361360,29/09/2025
1759233600,5364240,30/09/2025
1759320000,5367120,01/10/2025
1759406400,5370000,02/10/2025
1759492800,5372880,03/10/2025
1759579200,5375760,04/10/2025
1759665600,5378640,05/10/2025
1759752000,5381520,06/10/2025
1759838400,5384400,07/10/2025
1759924800,5387280,08/10/2025
1760011200,5390160,09/10/2025
1760097600,5393040,10/10/2025
1760184000,5395920,11/10/2025
1760270400,5398800,12/10/2025
1760356800,5401680,13/10/2025
1760443200,5404560,14/10/2025
1760529600,5407440,15/10/2025
1760616000,5410320,16/10/2025
1760702400,5413200,17/10/2025
1760788800,5416080,18/10/2025
1760875200,5418960,19/10/2025
1760961600,5421840,20/10/2025
1761048000,5424720,21/10/2025
1761134400,5427600,22/10/2025
1761220800,5430480,23/10/2025
1761307200,5433360,24/10/2025
1761393600,5436240,25/10/2025
1761480000,5439120,26/10/2025
1761566400,5442000,27/10/2025
1761652800,5444880,28/10/2025
1761739200,5447760,29/10/2025
1761825600,5450640,30/10/2025
1761912000,5453520,31/10/2025
1761998400,5456400,01/11/2025
1762084800,5459280,02/11/2025
1762171200,5462160,03/11/2025
1762257600,5465040,04/11/2025
1762344000,5467920,05/11/2025
1762430400,5470800,06/11/2025
1762516800,5473680,07/11/2025
1762603200,5476560,08/11/2025
1762689600,5479440,09/11/2025
1762776000,5482320,10/11/2025
1762862400,5485200,11/11/2025
1762948800,5488080,12/11/2025
1763035200,5490960,13/11/2025
1763121600,5493840,14/11/2025
1763208000,5496720,15/11/2025
1763294400,5499600,16/11/2025
1763380800,5502480,17/11/2025
1763467200,5505360,18/11/2025
1763553600,5508240,19/11/2025
1763640000,5511120,20/11/2025
1763726400,5514000,21/11/2025
1763812800,5516880,22/11/2025
1763899200,5519760,23/11/2025
1763985600,5522640,24/11/2025
1764072000,5525520,25/11/2025
1764158400,5528400,26/11/2025
1764244800,5531280,27/11/2025
1764331200,5534160,28/11/2025
1764417600,5537040,29/11/2025
1764504000,5539920,30/11/2025
1764590400,5542800,01/12/2025
1764676800,5545680,02/12/2025
1764763200,5548560,03/12/2025
1764849600,5551440,04/12/2025
1764936000,5554320,05/12/2025
1765022400,5557200,06/12/2025
1765108800,5560080,07/12/2025
1765195200,5562960,08/12/2025
1765281600,5565840,09/12/2025
1765368000,5568720,10/12/2025
1765454400,5571600,11/12/2025
1765540800,5574480,12/12/2025
1765627200,5577360,13/12/2025
1765713600,5580240,14/12/2025
1765800000,5583120,15/12/2025
1765886400,5586000,16/12/2025
1765972800,5588880,17/12/2025
1766059200,5591760,18/12/2025
1766145600,5594640,19/12/2025
1766232000,5595359,20/12/2025
1766318400,5600999,21/12/2025
1766404800,5603280,22/12/2025
1766491200,5606160,23/12/2025
1766577600,5609040,24/12/2025
1766664000,5611920,25/12/2025
1766750400,5614800,26/12/2025
1766836800,5617680,27/12/2025
1766923200,5620560,28/12/2025
1767009600,5623440,29/12/2025
1767096000,5626320,30/12/2025
1767182400,5629200,31/12/2025
1767268800,5632080,01/01/2026
1767355200,5634960,02/01/2026
1767441600,5637840,03/01/2026
1767528000,5640720,04/01/2026
1767614400,5643600,05/01/2026
1767700800,5646480,06/01/2026
1767787200,5649360,07/01/2026
1767873600,5652240,08/01/2026
1767960000,5655120,09/01/2026
1768046400,5658000,10/01/2026
1768132800,5660880,11/01/2026
1768219200,5663760,12/01/2026
1768305600,5666640,13/01/2026
1768392000,5669520,14/01/2026
1768478400,5672400,15/01/2026
1768564800,5675280,16/01/2026
1768651200,5678160,17/01/2026
1768737600,5681040,18/01/2026
1768824000,5683920,19/01/2026
1768910400,5686800,20/01/2026
1768996800,5689680,21/01/2026
1769083200,5692560,22/01/2026
1769169600,5695440,23/01/2026
1769256000,5698320,24/01/2026
1769342400,5701200,25/01/2026
1769428800,5704080,26/01/2026
1769515200,5706960,27/01/2026
1769601600,5709840,28/01/2026
1769688000,5712720,29/01/2026
1769774400,5715600,30/01/2026
1769860800,5718480,31/01/2026
1769947200,5721360,01/02/2026
1770033600,5724240,02/02/2026
1770120000,5727120,03/02/2026
1770206400,5730000,04/02/2026
1770292800,5732880,05/02/2026
1770379200,5735760,06/02/2026
1770465600,5738640,07/02/2026
1770552000,5741520,08/02/2026
1770638400,5744400,09/02/2026
1770724800,5747280,10/02/2026
1770811200,5750160,11/02/2026
1770897600,5753040,12/02/2026
1770984000,5755920,13/02/2026
1771070400,5758800,14/02/2026
1771156800,5761680,15/02/2026
1771243200,5764560,16/02/2026
1771329600,5767440,17/02/2026
1771416000,5770320,18/02/2026
1771502400,5773200,19/02/2026
1771588800,5776080,20/02/2026
1771675200,5778960,21/02/2026
1771761600,5781840,22/02/2026
1771848000,5784720,23/02/2026
1771934400,5787600,24/02/2026
1772020800,5790480,25/02/2026
1772107200,5793360,26/02/2026
1772193600,5796240,27/02/2026
1772280000,5799120,28/02/2026
1772366400,5802000,01/03/2026
1772452800,5804880,02/03/2026
1772539200,5807760,03/03/2026
1772625600,5810640,04/03/2026
1772712000,5813520,05/03/2026
1772798400,5816400,06/03/2026
1772884800,5819280,07/03/2026
1772971200,5822160,08/03/2026
1773057600,5825040,09/03/2026
1773144000,5827920,10/03/2026
1773230400,5830800,11/03/2026
1773316800,5833680,12/03/2026
1773403200,5836560,13/03/2026
1773489600,5839440,14/03/2026
1773576000,5842320,15/03/2026
1773662400,5845200,16/03/2026
1773748800,5848080,17/03/2026
1773835200,5850960,18/03/2026
1773921600,5853840,19/03/2026
1774008000,5856720,20/03/2026
1774094400,5859600,21/03/2026
1774180800,5862480,22/03/2026
1774267200,5865360,23/03/2026
1774353600,5868240,24/03/2026
1774440000,5871120,25/03/2026
1774526400,5874000,26/03/2026
1774612800,5876880,27/03/2026
1774699200,5879760,28/03/2026
1774785600,5882640,29/03/2026
1774872000,5885520,30/03/2026
1774958400,5888400,31/03/2026
1775044800,5891280,01/04/2026
1775131200,5894160,02/04/2026
1775217600,5897040,03/04/2026
1775304000,5899920,04/04/2026
1775390400,5902800,05/04/2026
1775476800,5905680,06/04/2026
1775563200,5908560,07/04/2026
1775649600,5911440,08/04/2026
1775736000,5914320,09/04/2026
1775822400,5917200,10/04/2026
1775908800,5920080,11/04/2026
1775995200,5922960,12/04/2026
1776081600,5925840,13/04/2026
1776168000,5928720,14/04/2026
1776254400,5931600,15/04/2026
1776340800,5934480,16/04/2026
1776427200,5937360,17/04/2026
1776513600,5940240,18/04/2026
1776600000,5943120,19/04/2026
1776686400,5946000,20/04/2026
1776772800,5948880,21/04/2026
1776859200,5951760,22/04/2026
1776945600,5954640,23/04/2026
1777032000,5957520,24/04/2026
1777118400,5960400,25/04/2026
1777204800,5963280,26/04/2026
1777291200,5966160,27/04/2026
1777377600,5969040,28/04/2026
1777464000,5971920,29/04/2026
1777550400,5974800,30/04/2026
1777636800,5977680,01/05/2026
1777723200,5980560,02/05/2026
1777809600,5983440,03/05/2026
1777896000,5986320,04/05/2026
1777982400,5989200,05/05/2026
1778068800,5992080,06/05/2026
1778155200,5994960,07/05/2026
1778241600,5997840,08/05/2026
1778328000,6000720,09/05/2026
1778414400,6003600,10/05/2026
1778500800,6006480,11/05/2026
1778587200,6009360,12/05/2026
1778673600,6012240,13/05/2026
1778760000,6015120,14/05/2026
1778846400,6018000,15/05/2026
1778932800,6020880,16/05/2026
1779019200,6023760,17/05/2026
1779105600,6026640,18/05/2026
1779192000,6029520,19/05/2026
1779278400,6032400,20/05/2026
1779364800,6035280,21/05/2026
1779451200,6038160,22/05/2026
1779537600,6041040,23/05/2026
1779624000,6043920,24/05/2026
1779710400,6046800,25/05/2026
1779796800,6049680,26/05/2026
1779883200,6052560,27/05/2026
1779969600,6055440,28/05/2026
1780056000,6058320,29/05/2026
1780142400,6061200,30/05/2026
1780228800,6064080,31/05/2026
1780315200,6066960,01/06/2026
1780401600,6069840,02/06/2026
1780488000,6072720,03/06/2026
1780574400,6075600,04/06/2026
1780660800,6078480,05/06/2026
1780747200,6081360,06/06/2026
1780833600,6084240,07/06/2026
1780920000,6087120,08/06/2026
1781006400,6090000,09/06/2026
1781092800,6092880,10/06/2026
1781179200,6095760,11/06/2026
1781265600,6098640,12/06/2026
1781352000,6101520,13/06/2026
1781438400,6104400,14/06/2026
1781524800,6107280,15/06/2026
1781611200,6110160,16/06/2026
1781697600,6113040,17/06/2026
1781784000,6115920,18/06/2026
1781870400,6118800,19/06/2026
1781956800,6121680,20/06/2026
1782043200,6124560,21/06/2026
1782129600,6127440,22/06/2026
1782216000,6130320,23/06/2026
1782302400,6133200,24/06/2026
1782388800,6136080,25/06/2026
1782475200,6138960,26/06/2026
1782561600,6141840,27/06/2026
1782648000,6144720,28/06/2026
1782734400,6147600,29/06/2026
1782820800,6150480,30/06/2026
1782907200,6153360,01/07/2026
1782993600,6156240,02/07/2026
1783080000,6159120,03/07/2026
1783166400,6162000,04/07/2026
1783252800,6164880,05/07/2026
1783339200,6167760,06/07/2026
1783425600,6170640,07/07/2026
1783512000,6173520,08/07/2026
1783598400,6176400,09/07/2026
1783684800,6179280,10/07/2026
1783771200,6182160,11/07/2026
1783857600,6185040,12/07/2026
1783944000,6187920,13/07/2026
1784030400,6190800,14/07/2026
1784116800,6193680,15/07/2026
1784203200,6196560,16/07/2026
1784289600,6199440,17/07/2026
1784376000,6202320,18/07/2026
1784462400,6205200,19/07/2026
1784548800,6208080,20/07/2026
1784635200,6210960,21/07/2026
1784721600,6213840,22/07/2026
1784808000,6216720,23/07/2026
1784894400,6219600,24/07/2026
1784980800,6222480,25/07/2026
1785067200,6225360,26/07/2026
1785153600,6228240,27/07/2026
1785240000,6231120,28/07/2026
1785326400,6234000,29/07/2026
1785412800,6236880,30/07/2026
1785499200,6239760,31/07/2026
1785585600,6242640,01/08/2026
1785672000,6245520,02/08/2026
1785758400,6248400,03/08/2026
1785844800,6251280,04/08/2026
1785931200,6254160,05/08/2026
1786017600,6257040,06/08/2026
