timestamp,blocknumber,date
1729598400,2075734,22/10/2024
1729684800,2078614,23/10/2024
1729771200,2081494,24/10/2024
1729857600,2084374,25/10/2024
1729944000,2087254,26/10/2024
1730030400,2090134,27/10/2024
1730116800,2093014,28/10/2024
1730203200,2095894,29/10/2024
1730289600,2098774,30/10/2024
1730376000,2101654,31/10/2024
1730462400,2104534,01/11/2024
1730548800,2107414,02/11/2024
1730635200,2110294,03/11/2024
1730721600,2113174,04/11/2024
1730808000,2116054,05/11/2024
1730894400,2118934,06/11/2024
1730980800,2121814,07/11/2024
1731067200,2124694,08/11/2024
1731153600,2127574,09/11/2024
1731240000,2130454,10/11/2024
1731326400,2133334,11/11/2024
1731412800,2136214,12/11/2024
1731499200,2139094,13/11/2024
1731585600,2141974,14/11/2024
1731672000,2144854,15/11/2024
1731758400,2147734,16/11/2024
1731844800,2150614,17/11/2024
1731931200,2153494,18/11/2024
1732017600,2156374,19/11/2024
1732104000,2159254,20/11/2024
1732190400,2162134,21/11/2024
1732276800,2165014,22/11/2024
1732363200,2167894,23/11/2024
1732449600,2170774,24/11/2024
1732536000,2173654,25/11/2024
1732622400,2176534,26/11/2024
1732708800,2179414,27/11/2024
1732795200,2182294,28/11/2024
1732881600,2185174,29/11/2024
1732968000,2188054,30/11/2024
1733054400,2190934,01/12/2024
1733140800,2193814,02/12/2024
1733227200,2196694,03/12/2024
1733313600,2199574,04/12/2024
1733400000,2202454,05/12/2024
1733486400,2205334,06/12/2024
1733572800,2208214,07/12/2024
1733659200,2211094,08/12/2024
1733745600,2213974,09/12/2024
1733832000,2216854,10/12/2024
1733918400,2219734,11/12/2024
1734004800,2222614,12/12/2024
1734091200,2225494,13/12/2024
1734177600,2228374,14/12/2024
1734264000,2231254,15/12/2024
1734350400,2234134,16/12/2024
1734436800,2237014,17/12/2024
1734523200,2239894,18/12/2024
1734609600,2242774,19/12/2024
1734696000,2245654,20/12/2024
1734782400,2248534,21/12/2024
1734868800,2251414,22/12/2024
1734955200,2254294,23/12/2024
1735041600,2257174,24/12/2024
1735128000,2260054,25/12/2024
1735214400,2262934,26/12/2024
1735300800,2265814,27/12/2024
1735387200,2268694,28/12/2024
1735473600,2271574,29/12/2024
1735560000,2274454,30/12/2024
1735646400,2277334,31/12/2024
1735732800,2280214,01/01/2025
1735819200,2283094,02/01/2025
1735905600,2285974,03/01/2025
1735992000,2288854,04/01/2025
1736078400,2291734,05/01/2025
1736164800,2294614,06/01/2025
1736251200,2297494,07/01/2025
1736337600,2300374,08/01/2025
1736424000,2303254,09/01/2025
1736510400,2306134,10/01/2025
1736596800,2309014,11/01/2025
1736683200,2311894,12/01/2025
1736769600,2314774,13/01/2025
1736856000,2317654,14/01/2025
1736942400,2320534,15/01/2025
1737028800,2323414,16/01/2025
1737115200,2326294,17/01/2025
1737201600,2329174,18/01/2025
1737288000,2332054,19/01/2025
1737374400,2334934,20/01/2025
1737460800,2337814,21/01/2025
1737547200,2340694,22/01/2025
1737633600,2343574,23/01/2025
1737720000,2346454,24/01/2025
1737806400,2349334,25/01/2025
1737892800,2352214,26/01/2025
1737979200,2355094,27/01/2025
1738065600,2357974,28/01/2025
1738152000,2360854,29/01/2025
1738238400,2363734,30/01/2025
1738324800,2366614,31/01/2025
1738411200,2369494,01/02/2025
1738497600,2372374,02/02/2025
1738584000,2375254,03/02/2025
1738670400,2378134,04/02/2025
1738756800,2381014,05/02/2025
1738843200,2383894,06/02/2025
1738929600,2386774,07/02/2025
1739016000,2389654,08/02/2025
1739102400,2392534,09/02/2025
1739188800,2395414,10/02/2025
1739275200,2398294,11/02/2025
1739361600,2401174,12/02/2025
1739448000,2404054,13/02/2025
1739534400,2406934,14/02/2025
1739620800,2409814,15/02/2025
1739707200,2412694,16/02/2025
1739793600,2415574,17/02/2025
1739880000,2418454,18/02/2025
1739966400,2421334,19/02/2025
1740052800,2424214,20/02/2025
1740139200,2427094,21/02/2025
1740225600,2429974,22/02/2025
1740312000,2432854,23/02/2025
1740398400,2435734,24/02/2025
1740484800,2438614,25/02/2025
1740571200,2441494,26/02/2025
1740657600,2444374,27/02/2025
1740744000,2447254,28/02/2025
1740830400,2450134,01/03/2025
1740916800,2453014,02/03/2025
1741003200,2455894,03/03/2025
1741089600,2458774,04/03/2025
1741176000,2461654,05/03/2025
1741262400,2464534,06/03/2025
1741348800,2467414,07/03/2025
1741435200,2470294,08/03/2025
1741521600,2473174,09/03/2025
1741608000,2476054,10/03/2025
1741694400,2478934,11/03/2025
1741780800,2481814,12/03/2025
1741867200,2484694,13/03/2025
1741953600,2487574,14/03/2025
1742040000,2490454,15/03/2025
1742126400,2493334,16/03/2025
1742212800,2496214,17/03/2025
1742299200,2499094,18/03/2025
1742385600,2501974,19/03/2025
1742472000,2504854,20/03/2025
1742558400,2507734,21/03/2025
1742644800,2510614,22/03/2025
1742731200,2513494,23/03/2025
1742817600,2516374,24/03/2025
1742904000,2519254,25/03/2025
1742990400,2522134,26/03/2025
1743076800,2525014,27/03/2025
1743163200,2527894,28/03/2025
1743249600,2530774,29/03/2025
1743336000,2533654,30/03/2025
1743422400,2536534,31/03/2025
1743508800,2539414,01/04/2025
1743595200,2542294,02/04/2025
1743681600,2545174,03/04/2025
1743768000,2548054,04/04/2025
1743854400,2550934,05/04/2025
1743940800,2553442,06/04/2025
1744027200,2556693,07/04/2025
1744113600,2559574,08/04/2025
1744200000,2562465,09/04/2025
1744286400,2565334,10/04/2025
1744372800,2568214,11/04/2025
1744459200,2571094,12/04/2025
1744545600,2573974,13/04/2025
1744632000,2576854,14/04/2025
1744718400,2579734,15/04/2025
1744804800,2582614,16/04/2025
1744891200,2585494,17/04/2025
1744977600,2588374,18/04/2025
1745064000,2591254,19/04/2025
1745150400,2594134,20/04/2025
1745236800,2597014,21/04/2025
1745323200,2599894,22/04/2025
1745409600,2602774,23/04/2025
1745496000,2605654,24/04/2025
1745582400,2608534,25/04/2025
1745668800,2611414,26/04/2025
1745755200,2614294,27/04/2025
1745841600,2617174,28/04/2025
1745928000,2620054,29/04/2025
1746014400,2622934,30/04/2025
1746100800,2625814,01/05/2025
1746187200,2628694,02/05/2025
1746273600,2631574,03/05/2025
1746360000,2634454,04/05/2025
1746446400,2637334,05/05/2025
1746532800,2640214,06/05/2025
1746619200,2643094,07/05/2025
1746705600,2645974,08/05/2025
1746792000,2648854,09/05/2025
1746878400,2651734,10/05/2025
1746964800,2654614,11/05/2025
1747051200,2657494,12/05/2025
1747137600,2660374,13/05/2025
1747224000,2663254,14/05/2025
1747310400,2666134,15/05/2025
1747396800,2669014,16/05/2025
1747483200,2671894,17/05/2025
1747569600,2674774,18/05/2025
1747656000,2677654,19/05/2025
1747742400,2680534,20/05/2025
1747828800,2683414,21/05/2025
1747915200,2686294,22/05/2025
1748001600,2689174,23/05/2025
1748088000,2692054,24/05/2025
1748174400,2694934,25/05/2025
1748260800,2697814,26/05/2025
1748347200,2700694,27/05/2025
1748433600,2703574,28/05/2025
1748520000,2706454,29/05/2025
1748606400,2709334,30/05/2025
1748692800,2712214,31/05/2025
1748779200,2715094,01/06/2025
1748865600,2717974,02/06/2025
1748952000,2720854,03/06/2025
1749038400,2723734,04/06/2025
1749124800,2726614,05/06/2025
1749211200,2729494,06/06/2025
1749297600,2732374,07/06/2025
1749384000,2735254,08/06/2025
1749470400,2738134,09/06/2025
1749556800,2741014,10/06/2025
1749643200,2743894,11/06/2025
1749729600,2746774,12/06/2025
1749816000,2749654,13/06/2025
1749902400,2752534,14/06/2025
1749988800,2755414,15/06/2025
1750075200,2758294,16/06/2025
1750161600,2761174,17/06/2025
1750248000,2764054,18/06/2025
1750334400,2766934,19/06/2025
1750420800,2769814,20/06/2025
1750507200,2772694,21/06/2025
1750593600,2775574,22/06/2025
1750680000,2778454,23/06/2025
1750766400,2781334,24/06/2025
1750852800,2784214,25/06/2025
1750939200,2787094,26/06/2025
1751025600,2789974,27/06/2025
1751112000,2792854,28/06/2025
1751198400,2795734,29/06/2025
1751284800,2798614,30/06/2025
1751371200,2801494,01/07/2025
1751457600,2804374,02/07/2025
1751544000,2807254,03/07/2025
1751630400,2810134,04/07/2025
1751716800,2813014,05/07/2025
1751803200,2815894,06/07/2025
1751889600,2818774,07/07/2025
1751976000,2821654,08/07/2025
1752062400,2824534,09/07/2025
1752148800,2827414,10/07/2025
1752235200,2830294,11/07/2025
1752321600,2833174,12/07/2025
1752408000,2836054,13/07/2025
1752494400,2838934,14/07/2025
1752580800,2841814,15/07/2025
1752667200,2844694,16/07/2025
1752753600,2847574,17/07/2025
1752840000,2850454,18/07/2025
1752926400,2853334,19/07/2025
1753012800,2856214,20/07/2025
1753099200,2859094,21/07/2025
1753185600,2861974,22/07/2025
1753272000,2864854,23/07/2025
1753358400,2867733,24/07/2025
1753444800,2870614,25/07/2025
1753531200,2873494,26/07/2025
1753617600,2876374,27/07/2025
1753704000,2879254,28/07/2025
1753790400,2882134,29/07/2025
1753876800,2885014,30/07/2025
1753963200,2887894,31/07/2025
1754049600,2890774,01/08/2025
1754136000,2893654,02/08/2025
1754222400,2896534,03/08/2025
1754308800,2899414,04/08/2025
1754395200,2902294,05/08/2025
1754481600,2905174,06/08/2025
1754568000,2908054,07/08/2025
1754654400,2910934,08/08/2025
1754740800,2913814,09/08/2025
1754827200,2916694,10/08/2025
1754913600,2919574,11/08/2025
1755000000,2922454,12/08/2025
1755086400,2925334,13/08/2025
1755172800,2928214,14/08/2025
1755259200,2931094,15/08/2025
1755345600,2933974,16/08/2025
1755432000,2936854,17/08/2025
1755518400,2939734,18/08/2025
1755604800,2942614,19/08/2025
1755691200,2945494,20/08/2025
1755777600,2948374,21/08/2025
1755864000,2951254,22/08/2025
1755950400,2954134,23/08/2025
1756036800,2957014,24/08/2025
1756123200,2959894,25/08/2025
1756209600,2962774,26/08/2025
1756296000,2965654,27/08/2025
1756382400,2968534,28/08/2025
1756468800,2971414,29/08/2025
1756555200,2974294,30/08/2025
1756641600,2977174,31/08/2025
1756728000,2980054,01/09/2025
1756814400,2982934,02/09/2025
1756900800,2985814,03/09/2025
1756987200,2988694,04/09/2025
1757073600,2991574,05/09/2025
1757160000,2994454,06/09/2025
1757246400,2997334,07/09/2025
1757332800,3000214,08/09/2025
1757419200,3003094,09/09/2025
1757505600,3005974,10/09/2025
1757592000,3008854,11/09/2025
1757678400,3011734,12/09/2025
1757764800,3014614,13/09/2025
1757851200,3017494,14/09/2025
1757937600,3020374,15/09/2025
1758024000,3023254,16/09/2025
1758110400,3026134,17/09/2025
1758196800,3029014,18/09/2025
1758283200,3031894,19/09/2025
1758369600,3034774,20/09/2025
1758456000,3037654,21/09/2025
1758542400,3040534,22/09/2025
1758628800,3043414,23/09/2025
1758715200,3046294,24/09/2025
1758801600,3049174,25/09/2025
1758888000,3052054,26/09/2025
1758974400,3054934,27/09/2025
1759060800,3057814,28/09/2025
1759147200,3060694,29/09/2025
1759233600,3063574,30/09/2025
1759320000,3066454,01/10/2025
1759406400,3069334,02/10/2025
1759492800,3072214,03/10/2025
1759579200,3075094,04/10/2025
1759665600,3077974,05/10/2025
1759752000,3080854,06/10/2025
1759838400,3083734,07/10/2025
1759924800,3086614,08/10/2025
1760011200,3089494,09/10/2025
1760097600,3092374,10/10/2025
1760184000,3095254,11/10/2025
1760270400,3098134,12/10/2025
1760356800,3101014,13/10/2025
1760443200,3103894,14/10/2025
1760529600,3106774,15/10/2025
1760616000,3109654,16/10/2025
1760702400,3112534,17/10/2025
1760788800,3115414,18/10/2025
1760875200,3118294,19/10/2025
1760961600,3121174,20/10/2025
1761048000,3124054,21/10/2025
1761134400,3126651,22/10/2025
1761220800,3129814,23/10/2025
1761307200,3132694,24/10/2025
1761393600,3135574,25/10/2025
1761480000,3138454,26/10/2025
1761566400,3140104,27/10/2025
1761652800,3142992,28/10/2025
1761739200,3145935,29/10/2025
